opp_id,lead_id,stage,arr_value,arr_imputed_flag,created_date,close_date,close_date_imputed_flag,days_in_stage,owner_id,close_probability,industry,company_size
OPP-0001,LD-0005,Evaluation,94200.0,0,2025-08-03,,0,25,REP-02,38,SaaS,51-200
OPP-0002,LD-0006,Closed Won,8900.0,0,2024-11-16,2025-02-12,0,7,REP-03,100,Professional Services,1-10
OPP-0003,LD-0008,Discovery,27300.0,0,2024-06-30,,0,10,REP-01,16,SaaS,1-10
OPP-0004,LD-0010,Closed Lost,107500.0,0,2025-01-28,2025-05-30,0,7,REP-05,0,E-Commerce,51-200
OPP-0005,LD-0012,Negotiation,24300.0,0,2024-10-07,,0,20,REP-02,78,FinTech,1-10
OPP-0006,LD-0013,Discovery,74400.0,0,2025-02-24,,0,16,REP-07,11,SaaS,201-1000
OPP-0007,LD-0017,Closed Won,51300.0,0,2025-01-16,2025-01-24,1,13,REP-03,100,SaaS,11-50
OPP-0008,LD-0018,Proposal,44100.0,0,2024-10-19,,0,7,REP-06,47,SaaS,11-50
OPP-0009,LD-0020,Evaluation,57100.0,0,2025-02-14,,0,12,REP-02,43,FinTech,51-200
OPP-0010,LD-0028,Closed Lost,100700.0,0,2024-10-02,2025-02-19,0,16,REP-03,0,FinTech,51-200
OPP-0011,LD-0030,Closed Won,127900.0,0,2026-04-29,2026-05-31,0,10,REP-02,100,E-Commerce,201-1000
OPP-0012,LD-0031,Negotiation,53400.0,0,2026-04-03,,0,11,REP-05,74,SaaS,11-50
OPP-0013,LD-0040,Closed Lost,140400.0,0,2025-12-07,2026-03-14,0,10,REP-01,0,Manufacturing,201-1000
OPP-0014,LD-0047,Negotiation,28000.0,0,2024-08-14,,0,6,REP-01,77,HealthTech,11-50
OPP-0015,LD-0050,Proposal,108000.0,0,2024-11-27,,0,6,REP-05,60,FinTech,51-200
OPP-0016,LD-0052,Evaluation,75700.0,0,2024-09-28,,0,11,REP-05,28,SaaS,51-200
OPP-0017,LD-0054,Discovery,38300.0,0,2026-04-29,,0,16,REP-03,25,Manufacturing,11-50
OPP-0018,LD-0056,Proposal,108400.0,0,2024-10-06,,0,27,REP-04,53,HealthTech,201-1000
OPP-0019,LD-0059,Proposal,21100.0,0,2024-11-27,,0,17,REP-04,63,SaaS,11-50
OPP-0020,LD-0061,Closed Won,199800.0,0,2025-07-11,2025-11-14,0,3,REP-07,100,Professional Services,1000+
OPP-0021,LD-0064,Proposal,64500.0,0,2025-12-10,,0,28,REP-04,53,SaaS,51-200
OPP-0022,LD-0082,Negotiation,57100.0,0,2024-06-17,,0,16,REP-07,73,SaaS,11-50
OPP-0023,LD-0086,Closed Lost,175800.0,0,2025-09-19,2025-12-12,0,5,REP-02,0,SaaS,201-1000
OPP-0024,LD-0103,Closed Lost,91400.0,0,2025-09-15,2025-12-18,0,5,REP-02,0,Manufacturing,51-200
OPP-0025,LD-0104,Evaluation,25900.0,0,2024-07-06,,0,17,REP-04,37,Professional Services,11-50
OPP-0026,LD-0105,Closed Lost,145900.0,0,2025-01-21,2025-02-18,0,23,REP-01,0,E-Commerce,201-1000
OPP-0027,LD-0108,Closed Won,31600.0,0,2025-04-16,2025-08-07,0,6,REP-06,100,Professional Services,51-200
OPP-0028,LD-0109,Discovery,159200.0,0,2026-01-30,,0,11,REP-04,13,FinTech,201-1000
OPP-0029,LD-0110,Evaluation,37200.0,0,2026-02-18,,0,16,REP-03,37,SaaS,11-50
OPP-0030,LD-0114,Evaluation,57200.0,0,2024-07-01,,0,34,REP-05,45,E-Commerce,11-50
OPP-0031,LD-0117,Closed Won,60200.0,0,2026-01-05,2026-02-24,0,10,REP-01,100,SaaS,51-200
OPP-0032,LD-0120,Negotiation,26800.0,0,2026-06-04,,0,32,REP-04,78,SaaS,11-50
OPP-0033,LD-0123,Negotiation,179400.0,0,2024-08-21,,0,22,REP-08,66,SaaS,201-1000
OPP-0034,LD-0128,Closed Won,38900.0,0,2024-08-17,2024-09-10,0,8,REP-06,100,FinTech,11-50
OPP-0035,LD-0129,Evaluation,163600.0,0,2025-01-20,,0,32,REP-05,39,SaaS,201-1000
OPP-0036,LD-0131,Proposal,102900.0,0,2025-09-16,,0,22,REP-05,45,SaaS,51-200
OPP-0037,LD-0133,Closed Lost,38300.0,0,2024-08-18,2025-01-11,0,25,REP-04,0,Professional Services,11-50
OPP-0038,LD-0134,Closed Lost,35500.0,0,2025-04-07,2025-06-23,0,2,REP-08,0,Professional Services,11-50
OPP-0039,LD-0139,Closed Won,74200.0,0,2025-01-19,2025-02-08,0,13,REP-08,100,Manufacturing,51-200
OPP-0040,LD-0145,Evaluation,53100.0,0,2025-04-16,,0,34,REP-04,27,FinTech,11-50
OPP-0041,LD-0146,Discovery,58400.0,0,2025-01-27,,0,15,REP-08,14,Professional Services,11-50
OPP-0042,LD-0149,Evaluation,29800.0,0,2025-07-02,,0,34,REP-01,31,Manufacturing,11-50
OPP-0043,LD-0155,Proposal,89100.0,0,2025-08-07,,0,19,REP-03,45,E-Commerce,51-200
OPP-0044,LD-0166,Evaluation,27800.0,0,2024-09-20,,0,15,REP-03,25,SaaS,11-50
OPP-0045,LD-0167,Closed Lost,21400.0,0,2024-07-23,2024-10-09,0,19,REP-06,0,Professional Services,1-10
OPP-0046,LD-0172,Closed Won,94400.0,0,2026-01-13,2026-05-31,0,9,REP-05,100,SaaS,51-200
OPP-0047,LD-0173,Proposal,231800.0,0,2025-07-13,,0,8,REP-04,61,HealthTech,1000+
OPP-0048,LD-0177,Evaluation,65900.0,0,2025-11-14,,0,12,REP-03,34,FinTech,51-200
OPP-0049,LD-0182,Proposal,16100.0,0,2025-10-26,,0,12,REP-05,49,Professional Services,1-10
OPP-0050,LD-0189,Proposal,13600.0,0,2024-09-01,,0,19,REP-03,54,SaaS,1-10
OPP-0051,LD-0190,Closed Won,21000.0,0,2026-03-15,2026-03-23,1,3,REP-04,100,Professional Services,11-50
OPP-0052,LD-0191,Discovery,16000.0,0,2025-01-12,,0,17,REP-03,21,SaaS,1-10
OPP-0053,LD-0197,Closed Lost,20100.0,1,2026-05-13,2026-05-31,0,4,REP-08,0,SaaS,1-10
OPP-0054,LD-0204,Discovery,63500.0,0,2026-01-12,,0,20,REP-06,21,SaaS,51-200
OPP-0055,LD-0209,Evaluation,29300.0,0,2026-02-03,,0,26,REP-02,31,SaaS,11-50
OPP-0056,LD-0213,Closed Lost,48300.0,0,2025-12-22,2026-01-24,0,11,REP-08,0,Professional Services,11-50
OPP-0057,LD-0214,Evaluation,12700.0,0,2025-02-16,,0,17,REP-06,28,HealthTech,1-10
OPP-0058,LD-0220,Discovery,50500.0,0,2025-03-05,,0,16,REP-03,25,FinTech,51-200
OPP-0059,LD-0222,Closed Won,28600.0,0,2025-03-07,2025-08-13,0,2,REP-05,100,HealthTech,1-10
OPP-0060,LD-0227,Proposal,36500.0,0,2025-05-17,,0,23,REP-02,58,E-Commerce,51-200
OPP-0061,LD-0230,Discovery,33700.0,0,2024-07-06,,0,13,REP-01,25,E-Commerce,11-50
OPP-0062,LD-0234,Discovery,76100.0,0,2026-05-06,,0,7,REP-04,14,Professional Services,51-200
OPP-0063,LD-0239,Discovery,48400.0,0,2025-04-20,,0,20,REP-07,11,FinTech,51-200
OPP-0064,LD-0253,Negotiation,14200.0,0,2025-01-11,,0,30,REP-03,73,FinTech,1-10
OPP-0065,LD-0254,Evaluation,47700.0,0,2024-06-24,,0,11,REP-04,31,E-Commerce,51-200
OPP-0066,LD-0255,Closed Won,101400.0,0,2024-09-21,2024-12-26,0,10,REP-08,100,Professional Services,201-1000
OPP-0067,LD-0257,Closed Lost,27800.0,0,2025-10-22,2025-11-27,0,13,REP-08,0,Professional Services,1-10
OPP-0068,LD-0259,Discovery,159100.0,0,2024-12-31,,0,17,REP-04,21,SaaS,1000+
OPP-0069,LD-0263,Evaluation,33800.0,0,2025-12-29,,0,21,REP-01,40,HealthTech,11-50
OPP-0070,LD-0265,Discovery,60900.0,0,2025-05-30,,0,21,REP-06,11,HealthTech,51-200
OPP-0071,LD-0269,Evaluation,175700.0,0,2025-02-03,,0,33,REP-06,37,E-Commerce,201-1000
OPP-0072,LD-0274,Evaluation,74100.0,0,2025-12-05,,0,8,REP-08,32,Manufacturing,201-1000
OPP-0073,LD-0278,Closed Won,164600.0,0,2025-03-07,2025-07-07,0,6,REP-08,100,SaaS,201-1000
OPP-0074,LD-0282,Proposal,29700.0,0,2024-06-19,,0,10,REP-06,57,SaaS,11-50
OPP-0075,LD-0291,Negotiation,29000.0,0,2024-11-12,,0,23,REP-01,73,Professional Services,1-10
OPP-0076,LD-0295,Closed Won,97800.0,0,2024-08-27,2024-11-30,0,3,REP-02,100,FinTech,201-1000
OPP-0077,LD-0297,Closed Lost,18700.0,0,2025-04-14,2025-05-28,0,17,REP-06,0,E-Commerce,11-50
OPP-0078,LD-0301,Evaluation,38400.0,0,2024-06-13,,0,11,REP-05,36,Professional Services,11-50
OPP-0079,LD-0305,Evaluation,13000.0,0,2025-01-21,,0,25,REP-04,40,FinTech,1-10
OPP-0080,LD-0307,Closed Lost,90200.0,0,2024-10-08,2025-03-07,0,14,REP-04,0,HealthTech,51-200
OPP-0081,LD-0308,Evaluation,44600.0,0,2025-02-24,,0,35,REP-06,31,FinTech,11-50
OPP-0082,LD-0327,Closed Won,23100.0,0,2025-06-28,2025-11-25,0,13,REP-04,100,SaaS,1-10
OPP-0083,LD-0329,Closed Won,83200.0,0,2024-06-07,2024-06-15,1,9,REP-02,100,HealthTech,201-1000
OPP-0084,LD-0332,Negotiation,203400.0,0,2026-05-26,,0,23,REP-08,69,FinTech,1000+
OPP-0085,LD-0334,Evaluation,29000.0,0,2026-04-21,,0,27,REP-03,39,SaaS,11-50
OPP-0086,LD-0336,Discovery,30000.0,0,2026-01-29,,0,15,REP-03,25,E-Commerce,1-10
OPP-0087,LD-0337,Negotiation,24100.0,0,2026-03-13,,0,10,REP-01,74,Manufacturing,1-10
OPP-0088,LD-0340,Negotiation,130800.0,0,2024-09-23,,0,20,REP-04,85,SaaS,201-1000
OPP-0089,LD-0343,Closed Won,99400.0,0,2026-05-29,2026-05-31,0,14,REP-08,100,E-Commerce,51-200
OPP-0090,LD-0345,Closed Won,65900.0,1,2026-02-25,2026-05-31,0,5,REP-02,100,E-Commerce,51-200
OPP-0091,LD-0347,Closed Lost,74200.0,0,2026-05-13,2026-05-31,0,1,REP-02,0,Manufacturing,51-200
OPP-0092,LD-0353,Closed Lost,49000.0,0,2025-04-12,2025-05-19,0,26,REP-02,0,SaaS,51-200
OPP-0093,LD-0356,Closed Won,84200.0,0,2025-11-24,2026-02-22,0,14,REP-01,100,Manufacturing,51-200
OPP-0094,LD-0357,Discovery,149900.0,0,2025-05-14,,0,15,REP-05,12,HealthTech,1000+
OPP-0095,LD-0368,Proposal,33400.0,0,2024-07-13,,0,21,REP-03,62,FinTech,51-200
OPP-0096,LD-0375,Closed Won,95300.0,0,2026-05-25,2026-05-31,0,5,REP-07,100,FinTech,51-200
OPP-0097,LD-0377,Negotiation,34100.0,0,2025-03-04,,0,19,REP-04,85,Professional Services,51-200
OPP-0098,LD-0378,Evaluation,22800.0,0,2024-12-18,,0,33,REP-06,31,E-Commerce,1-10
OPP-0099,LD-0388,Negotiation,11400.0,0,2025-05-16,,0,40,REP-01,68,SaaS,1-10
OPP-0100,LD-0391,Proposal,17500.0,0,2025-03-03,,0,17,REP-03,58,E-Commerce,1-10
OPP-0101,LD-0394,Evaluation,98700.0,0,2024-08-18,,0,16,REP-04,43,SaaS,51-200
OPP-0102,LD-0398,Closed Lost,37600.0,0,2025-09-19,2025-10-25,0,6,REP-01,0,SaaS,51-200
OPP-0103,LD-0400,Proposal,83400.0,0,2026-02-06,,0,5,REP-04,46,HealthTech,51-200
OPP-0104,LD-0403,Negotiation,21500.0,0,2026-04-11,,0,24,REP-04,78,Manufacturing,1-10
OPP-0105,LD-0404,Negotiation,54000.0,0,2026-01-07,,0,27,REP-04,83,Professional Services,11-50
OPP-0106,LD-0406,Negotiation,43800.0,0,2025-04-11,,0,32,REP-05,65,SaaS,51-200
OPP-0107,LD-0408,Evaluation,51000.0,0,2025-05-29,,0,30,REP-07,35,FinTech,11-50
OPP-0108,LD-0410,Negotiation,17900.0,0,2025-10-30,,0,20,REP-07,66,Professional Services,1-10
OPP-0109,LD-0411,Evaluation,34300.0,0,2024-08-19,,0,11,REP-01,28,E-Commerce,11-50
OPP-0110,LD-0413,Closed Won,58900.0,0,2024-07-17,2024-09-16,0,12,REP-06,100,FinTech,51-200
OPP-0111,LD-0416,Discovery,60800.0,0,2024-11-17,,0,17,REP-08,17,SaaS,51-200
OPP-0112,LD-0423,Closed Lost,71600.0,0,2025-06-21,2025-11-03,0,16,REP-07,0,Manufacturing,51-200
OPP-0113,LD-0427,Closed Won,10300.0,0,2024-06-16,2024-06-24,1,1,REP-03,100,SaaS,1-10
OPP-0114,LD-0430,Proposal,17400.0,0,2025-11-04,,0,17,REP-07,51,Manufacturing,1-10
OPP-0115,LD-0434,Evaluation,44300.0,0,2025-11-10,,0,24,REP-07,26,FinTech,11-50
OPP-0116,LD-0435,Proposal,69900.0,0,2025-07-03,,0,27,REP-03,61,E-Commerce,51-200
OPP-0117,LD-0436,Closed Won,43300.0,0,2024-06-14,2024-10-31,0,8,REP-07,100,Professional Services,51-200
OPP-0118,LD-0438,Closed Won,31300.0,0,2024-07-19,2024-09-02,0,7,REP-06,100,E-Commerce,11-50
OPP-0119,LD-0441,Closed Won,17700.0,0,2025-04-23,2025-08-16,0,6,REP-07,100,Professional Services,1-10
OPP-0120,LD-0448,Closed Lost,45100.0,0,2025-11-03,2026-03-08,0,13,REP-06,0,FinTech,11-50
OPP-0121,LD-0450,Proposal,27800.0,0,2025-12-08,,0,5,REP-07,49,E-Commerce,1-10
OPP-0122,LD-0459,Closed Won,20100.0,0,2024-09-11,2024-11-26,0,2,REP-08,100,SaaS,1-10
OPP-0123,LD-0462,Proposal,45400.0,0,2025-06-26,,0,24,REP-07,63,E-Commerce,11-50
OPP-0124,LD-0463,Closed Won,18500.0,0,2026-03-23,2026-03-31,1,6,REP-04,100,SaaS,11-50
OPP-0125,LD-0465,Proposal,29000.0,0,2025-04-27,,0,27,REP-05,48,SaaS,1-10
OPP-0126,LD-0472,Closed Won,29200.0,0,2024-11-30,2025-05-03,0,6,REP-06,100,Manufacturing,11-50
OPP-0127,LD-0477,Discovery,58300.0,0,2025-07-10,,0,21,REP-07,18,SaaS,51-200
OPP-0128,LD-0480,Evaluation,125700.0,0,2025-04-12,,0,12,REP-04,40,Professional Services,1000+
OPP-0129,LD-0483,Evaluation,70200.0,0,2025-03-02,,0,12,REP-03,35,SaaS,201-1000
OPP-0130,LD-0485,Closed Lost,154800.0,0,2024-12-09,2025-03-10,0,18,REP-06,0,Manufacturing,201-1000
OPP-0131,LD-0486,Negotiation,25800.0,0,2024-12-01,,0,37,REP-08,73,FinTech,11-50
OPP-0132,LD-0489,Proposal,27700.0,0,2024-11-08,,0,8,REP-08,60,SaaS,11-50
OPP-0133,LD-0490,Proposal,44500.0,0,2025-02-09,,0,18,REP-02,45,E-Commerce,51-200
OPP-0134,LD-0495,Proposal,58900.0,0,2026-02-28,,0,10,REP-08,62,Professional Services,11-50
OPP-0135,LD-0502,Closed Lost,50100.0,0,2026-01-04,2026-03-15,0,23,REP-07,0,E-Commerce,11-50
OPP-0136,LD-0504,Closed Lost,56800.0,0,2026-05-23,2026-05-31,0,17,REP-02,0,Manufacturing,11-50
OPP-0137,LD-0505,Closed Lost,27000.0,0,2025-12-11,2026-03-03,0,20,REP-01,0,SaaS,1-10
OPP-0138,LD-0521,Closed Lost,27900.0,0,2025-08-11,2025-10-25,0,9,REP-02,0,SaaS,1-10
OPP-0139,LD-0526,Evaluation,62250.0,1,2024-08-10,,0,15,REP-08,39,SaaS,51-200
OPP-0140,LD-0527,Evaluation,43600.0,0,2024-06-27,,0,25,REP-07,41,Professional Services,51-200
OPP-0141,LD-0528,Negotiation,56200.0,0,2024-12-09,,0,19,REP-05,73,Professional Services,51-200
OPP-0142,LD-0529,Closed Won,28200.0,0,2026-02-05,2026-05-31,0,10,REP-06,100,Manufacturing,11-50
OPP-0143,LD-0531,Evaluation,87400.0,0,2026-01-12,,0,11,REP-04,33,E-Commerce,51-200
OPP-0144,LD-0535,Closed Won,16200.0,0,2024-12-07,2025-04-20,0,5,REP-08,100,Professional Services,11-50
OPP-0145,LD-0547,Evaluation,112700.0,0,2025-01-11,,0,9,REP-02,37,Professional Services,1000+
OPP-0146,LD-0549,Evaluation,84600.0,0,2025-04-27,,0,9,REP-03,38,FinTech,51-200
OPP-0147,LD-0550,Evaluation,20600.0,0,2024-10-29,,0,14,REP-02,44,FinTech,11-50
OPP-0148,LD-0551,Closed Lost,9100.0,0,2025-02-05,2025-04-27,0,15,REP-07,0,HealthTech,1-10
OPP-0149,LD-0552,Closed Won,38700.0,0,2024-09-24,2024-12-20,0,3,REP-05,100,HealthTech,51-200
OPP-0150,LD-0553,Negotiation,23200.0,0,2024-10-18,,0,8,REP-06,83,E-Commerce,1-10
OPP-0151,LD-0554,Closed Won,41100.0,0,2025-11-27,2026-03-25,0,13,REP-08,100,Professional Services,51-200
OPP-0152,LD-0555,Closed Won,21600.0,0,2024-09-27,2024-10-21,0,8,REP-02,100,FinTech,11-50
OPP-0153,LD-0557,Proposal,48400.0,0,2025-04-11,,0,23,REP-08,46,SaaS,51-200
OPP-0154,LD-0558,Closed Won,90100.0,0,2024-07-14,2024-07-22,1,11,REP-02,100,SaaS,51-200
OPP-0155,LD-0569,Evaluation,46000.0,0,2025-08-27,,0,9,REP-07,28,E-Commerce,51-200
OPP-0156,LD-0570,Negotiation,56200.0,1,2024-10-31,,0,30,REP-06,84,Professional Services,51-200
OPP-0157,LD-0571,Discovery,55800.0,0,2025-02-25,,0,19,REP-07,16,SaaS,11-50
OPP-0158,LD-0573,Proposal,27300.0,0,2025-02-23,,0,16,REP-02,57,Manufacturing,1-10
OPP-0159,LD-0579,Negotiation,23300.0,0,2025-07-08,,0,40,REP-08,66,SaaS,11-50
OPP-0160,LD-0581,Discovery,51200.0,0,2024-10-27,,0,20,REP-07,11,SaaS,51-200
OPP-0161,LD-0590,Proposal,82600.0,0,2024-08-07,,0,19,REP-01,53,FinTech,201-1000
OPP-0162,LD-0596,Closed Won,205100.0,0,2025-04-27,2025-06-25,0,2,REP-05,100,Professional Services,1000+
OPP-0163,LD-0597,Closed Won,26300.0,0,2025-01-01,2025-02-02,0,9,REP-07,100,SaaS,11-50
OPP-0164,LD-0598,Discovery,28500.0,0,2025-08-24,,0,19,REP-04,21,FinTech,1-10
OPP-0165,LD-0605,Discovery,62250.0,1,2025-03-27,,0,14,REP-04,22,SaaS,51-200
OPP-0166,LD-0608,Proposal,20900.0,0,2025-07-15,,0,25,REP-03,63,SaaS,1-10
OPP-0167,LD-0612,Closed Lost,15400.0,0,2025-08-17,2025-11-18,0,17,REP-05,0,Manufacturing,11-50
OPP-0168,LD-0613,Closed Lost,100700.0,0,2024-09-11,2024-11-12,0,13,REP-08,0,HealthTech,51-200
OPP-0169,LD-0616,Evaluation,47700.0,0,2024-09-04,,0,34,REP-05,29,HealthTech,11-50
OPP-0170,LD-0618,Closed Won,93000.0,0,2025-11-14,2026-02-07,0,3,REP-06,100,Manufacturing,51-200
OPP-0171,LD-0620,Negotiation,18200.0,0,2024-09-30,,0,23,REP-07,69,Professional Services,11-50
OPP-0172,LD-0622,Closed Lost,203400.0,0,2024-07-08,2024-08-28,0,5,REP-07,0,Professional Services,1000+
OPP-0173,LD-0624,Discovery,156600.0,0,2025-06-05,,0,15,REP-04,18,Professional Services,201-1000
OPP-0174,LD-0634,Negotiation,58000.0,0,2025-02-16,,0,42,REP-07,76,E-Commerce,11-50
OPP-0175,LD-0647,Negotiation,129700.0,0,2026-01-15,,0,45,REP-03,65,E-Commerce,201-1000
OPP-0176,LD-0650,Evaluation,37900.0,0,2024-11-23,,0,13,REP-05,34,Manufacturing,11-50
OPP-0177,LD-0666,Discovery,34100.0,0,2025-07-16,,0,16,REP-03,24,Manufacturing,11-50
OPP-0178,LD-0668,Discovery,46600.0,0,2024-06-29,,0,19,REP-08,12,SaaS,11-50
OPP-0179,LD-0669,Proposal,170500.0,0,2025-05-24,,0,26,REP-06,62,HealthTech,201-1000
OPP-0180,LD-0676,Closed Won,21200.0,0,2026-04-20,2026-05-31,0,8,REP-05,100,HealthTech,1-10
OPP-0181,LD-0677,Closed Won,13000.0,0,2024-06-29,2024-10-02,0,3,REP-04,100,HealthTech,1-10
OPP-0182,LD-0678,Evaluation,8400.0,0,2025-01-21,,0,20,REP-05,34,Manufacturing,1-10
OPP-0183,LD-0679,Closed Lost,21600.0,0,2024-12-14,2025-01-08,0,24,REP-07,0,Manufacturing,1-10
OPP-0184,LD-0680,Proposal,163800.0,0,2025-11-27,,0,21,REP-03,56,FinTech,201-1000
OPP-0185,LD-0682,Closed Lost,9500.0,0,2025-12-30,2026-01-26,0,12,REP-07,0,Manufacturing,1-10
OPP-0186,LD-0683,Discovery,61800.0,0,2025-06-03,,0,7,REP-03,20,SaaS,51-200
OPP-0187,LD-0687,Closed Lost,57300.0,0,2026-06-08,2026-05-31,0,20,REP-02,0,SaaS,11-50
OPP-0188,LD-0690,Closed Lost,70100.0,0,2025-04-10,2025-06-18,0,13,REP-06,0,HealthTech,51-200
OPP-0189,LD-0695,Closed Lost,24900.0,0,2024-07-15,2024-09-08,0,15,REP-06,0,Professional Services,11-50
OPP-0190,LD-0711,Closed Won,102400.0,0,2025-07-07,2025-08-28,0,14,REP-03,100,Professional Services,201-1000
OPP-0191,LD-0713,Proposal,62700.0,0,2025-12-08,,0,5,REP-06,59,SaaS,51-200
OPP-0192,LD-0714,Closed Won,74100.0,0,2025-06-15,2025-11-16,0,4,REP-06,100,SaaS,201-1000
OPP-0193,LD-0721,Negotiation,44700.0,0,2025-04-21,,0,42,REP-07,78,HealthTech,11-50
OPP-0194,LD-0723,Proposal,41600.0,0,2025-07-16,,0,28,REP-08,47,FinTech,11-50
OPP-0195,LD-0724,Closed Lost,81800.0,0,2025-07-19,2025-08-30,0,10,REP-07,0,FinTech,51-200
OPP-0196,LD-0735,Evaluation,133300.0,0,2025-03-14,,0,35,REP-04,31,SaaS,201-1000
OPP-0197,LD-0739,Proposal,8400.0,0,2024-07-21,,0,10,REP-02,62,E-Commerce,1-10
OPP-0198,LD-0740,Closed Lost,44000.0,0,2026-05-31,2026-05-31,0,2,REP-01,0,HealthTech,51-200
OPP-0199,LD-0742,Evaluation,22500.0,0,2024-12-06,,0,15,REP-05,25,Manufacturing,11-50
OPP-0200,LD-0744,Discovery,19400.0,0,2024-06-16,,0,13,REP-06,21,Manufacturing,11-50
OPP-0201,LD-0747,Evaluation,48100.0,0,2024-07-20,,0,7,REP-06,35,SaaS,11-50
OPP-0202,LD-0749,Closed Won,74400.0,0,2025-01-16,2025-04-29,0,3,REP-01,100,HealthTech,201-1000
OPP-0203,LD-0751,Closed Lost,22700.0,0,2026-03-18,2026-04-10,0,24,REP-06,0,SaaS,1-10
OPP-0204,LD-0753,Discovery,23000.0,0,2025-12-01,,0,14,REP-07,11,Manufacturing,11-50
OPP-0205,LD-0754,Closed Won,20300.0,0,2025-08-16,2025-12-03,0,9,REP-06,100,SaaS,11-50
OPP-0206,LD-0761,Negotiation,22300.0,0,2025-05-09,,0,45,REP-05,67,E-Commerce,11-50
OPP-0207,LD-0764,Closed Won,37900.0,0,2025-09-18,2026-01-22,0,4,REP-01,100,FinTech,11-50
OPP-0208,LD-0767,Closed Won,81600.0,0,2026-04-18,2026-05-21,0,13,REP-04,100,HealthTech,51-200
OPP-0209,LD-0773,Closed Lost,25900.0,0,2024-09-07,2024-12-21,0,11,REP-06,0,Professional Services,1-10
OPP-0210,LD-0774,Proposal,20800.0,0,2025-09-12,,0,29,REP-05,65,SaaS,11-50
OPP-0211,LD-0775,Evaluation,21600.0,0,2026-02-21,,0,29,REP-05,25,Manufacturing,1-10
OPP-0212,LD-0778,Negotiation,25000.0,0,2024-10-11,,0,13,REP-05,65,HealthTech,1-10
OPP-0213,LD-0781,Proposal,29100.0,0,2025-06-20,,0,10,REP-05,45,SaaS,11-50
OPP-0214,LD-0785,Proposal,102800.0,0,2025-08-26,,0,19,REP-03,58,SaaS,1000+
OPP-0215,LD-0787,Discovery,22000.0,0,2025-04-19,,0,12,REP-05,24,E-Commerce,11-50
OPP-0216,LD-0788,Discovery,37300.0,0,2025-08-13,,0,7,REP-03,12,HealthTech,51-200
OPP-0217,LD-0790,Closed Lost,101000.0,0,2025-10-11,2026-02-10,0,8,REP-04,0,FinTech,51-200
OPP-0218,LD-0794,Discovery,150300.0,0,2024-07-19,,0,20,REP-04,22,Professional Services,1000+
OPP-0219,LD-0796,Negotiation,19500.0,0,2025-04-01,,0,35,REP-06,80,HealthTech,1-10
OPP-0220,LD-0798,Closed Won,49600.0,0,2026-04-07,2026-05-31,0,3,REP-08,100,FinTech,11-50
OPP-0221,LD-0805,Discovery,104600.0,0,2025-10-08,,0,16,REP-06,13,SaaS,201-1000
OPP-0222,LD-0808,Evaluation,81900.0,0,2025-08-18,,0,11,REP-02,26,E-Commerce,51-200
OPP-0223,LD-0811,Proposal,18500.0,0,2024-09-07,,0,16,REP-06,55,SaaS,11-50
OPP-0224,LD-0813,Negotiation,36600.0,0,2024-09-05,,0,5,REP-03,66,E-Commerce,11-50
OPP-0225,LD-0818,Proposal,19300.0,0,2025-09-30,,0,21,REP-01,47,E-Commerce,11-50
OPP-0226,LD-0819,Closed Won,49900.0,0,2025-05-22,2025-10-10,0,3,REP-02,100,FinTech,51-200
OPP-0227,LD-0823,Evaluation,53500.0,0,2025-12-10,,0,13,REP-08,34,SaaS,51-200
OPP-0228,LD-0824,Discovery,87400.0,0,2024-06-23,,0,6,REP-04,23,Professional Services,51-200
OPP-0229,LD-0827,Discovery,22800.0,0,2025-10-31,,0,6,REP-02,25,HealthTech,1-10
OPP-0230,LD-0837,Proposal,24400.0,0,2026-05-19,,0,7,REP-02,58,E-Commerce,1-10
OPP-0231,LD-0838,Proposal,9400.0,0,2024-06-27,,0,19,REP-06,50,SaaS,1-10
OPP-0232,LD-0840,Closed Lost,29900.0,0,2025-11-14,2026-01-30,0,27,REP-07,0,SaaS,1-10
OPP-0233,LD-0844,Discovery,17400.0,0,2024-11-10,,0,8,REP-03,15,SaaS,11-50
OPP-0234,LD-0845,Negotiation,52200.0,0,2024-07-26,,0,36,REP-01,77,SaaS,11-50
OPP-0235,LD-0846,Negotiation,48300.0,0,2025-04-22,,0,27,REP-03,68,E-Commerce,11-50
OPP-0236,LD-0847,Closed Won,21000.0,0,2025-07-28,2025-08-17,0,4,REP-06,100,SaaS,1-10
OPP-0237,LD-0848,Closed Won,65100.0,0,2025-01-08,2025-01-16,1,1,REP-01,100,SaaS,51-200
OPP-0238,LD-0849,Discovery,24700.0,0,2026-05-14,,0,17,REP-03,18,Manufacturing,1-10
OPP-0239,LD-0854,Closed Won,24300.0,0,2024-09-08,2025-01-08,0,1,REP-01,100,FinTech,1-10
OPP-0240,LD-0864,Evaluation,41000.0,0,2025-09-18,,0,19,REP-04,41,SaaS,51-200
OPP-0241,LD-0870,Closed Won,93400.0,0,2025-01-19,2025-06-01,0,1,REP-02,100,SaaS,51-200
OPP-0242,LD-0874,Evaluation,36300.0,0,2024-12-02,,0,29,REP-02,42,SaaS,51-200
OPP-0243,LD-0878,Closed Won,70000.0,0,2026-04-13,2026-05-31,0,14,REP-01,100,FinTech,51-200
OPP-0244,LD-0881,Closed Won,22200.0,0,2024-07-28,2024-10-14,0,5,REP-06,100,SaaS,1-10
OPP-0245,LD-0883,Closed Won,95700.0,0,2025-07-13,2025-12-12,0,5,REP-04,100,HealthTech,51-200
OPP-0246,LD-0888,Discovery,67000.0,0,2025-09-09,,0,13,REP-08,10,Professional Services,51-200
OPP-0247,LD-0889,Closed Won,25700.0,0,2026-05-12,2026-05-31,0,8,REP-04,100,SaaS,11-50
OPP-0248,LD-0891,Closed Won,29100.0,1,2025-11-11,2025-11-19,1,6,REP-02,100,SaaS,11-50
OPP-0249,LD-0892,Negotiation,26300.0,0,2024-07-02,,0,20,REP-02,71,Professional Services,11-50
OPP-0250,LD-0893,Proposal,38800.0,0,2025-11-19,,0,9,REP-08,50,E-Commerce,11-50
OPP-0251,LD-0903,Discovery,18200.0,0,2025-10-19,,0,7,REP-05,18,SaaS,1-10
OPP-0252,LD-0908,Evaluation,25200.0,0,2024-10-31,,0,23,REP-03,28,SaaS,1-10
OPP-0253,LD-0913,Closed Won,25800.0,0,2026-02-20,2026-03-20,0,11,REP-06,100,HealthTech,11-50
OPP-0254,LD-0920,Proposal,24000.0,0,2025-09-10,,0,24,REP-05,64,E-Commerce,11-50
OPP-0255,LD-0922,Closed Won,18400.0,0,2026-05-22,2026-05-31,0,8,REP-01,100,SaaS,1-10
OPP-0256,LD-0927,Closed Won,9100.0,0,2025-07-14,2025-09-21,0,11,REP-06,100,E-Commerce,1-10
OPP-0257,LD-0931,Closed Won,48300.0,0,2025-06-15,2025-10-17,0,9,REP-01,100,E-Commerce,51-200
OPP-0258,LD-0935,Closed Won,58300.0,0,2026-05-13,2026-05-31,0,5,REP-02,100,E-Commerce,51-200
OPP-0259,LD-0944,Closed Won,168000.0,0,2025-08-16,2025-12-06,0,5,REP-06,100,SaaS,1000+
OPP-0260,LD-0945,Negotiation,51600.0,0,2024-06-20,,0,26,REP-04,84,FinTech,51-200
OPP-0261,LD-0946,Evaluation,127300.0,0,2025-12-20,,0,15,REP-02,31,FinTech,201-1000
OPP-0262,LD-0948,Closed Lost,165400.0,0,2026-02-19,2026-05-31,0,23,REP-01,0,Manufacturing,201-1000
OPP-0263,LD-0957,Closed Lost,125200.0,0,2025-11-29,2026-01-18,0,6,REP-05,0,SaaS,201-1000
OPP-0264,LD-0958,Proposal,27900.0,0,2024-11-04,,0,6,REP-06,53,SaaS,11-50
OPP-0265,LD-0960,Closed Lost,35000.0,0,2026-03-23,2026-05-31,0,15,REP-02,0,Professional Services,51-200
OPP-0266,LD-0963,Closed Lost,21100.0,0,2024-12-27,2025-05-27,0,3,REP-04,0,SaaS,11-50
OPP-0267,LD-0973,Negotiation,40300.0,0,2024-09-09,,0,12,REP-03,74,SaaS,11-50
OPP-0268,LD-0979,Closed Won,142000.0,0,2024-12-18,2025-03-29,0,6,REP-08,100,E-Commerce,201-1000
OPP-0269,LD-0980,Closed Won,66000.0,0,2025-09-15,2025-11-24,0,1,REP-07,100,Professional Services,201-1000
OPP-0270,LD-0983,Evaluation,23300.0,0,2025-11-05,,0,13,REP-03,25,SaaS,11-50
OPP-0271,LD-0984,Discovery,15000.0,0,2025-05-12,,0,13,REP-05,24,E-Commerce,1-10
OPP-0272,LD-0985,Proposal,29400.0,0,2025-01-08,,0,14,REP-08,61,SaaS,11-50
OPP-0273,LD-0986,Closed Won,58100.0,0,2026-05-07,2026-05-31,0,13,REP-03,100,SaaS,11-50
OPP-0274,LD-0997,Evaluation,12500.0,0,2026-01-15,,0,9,REP-02,31,E-Commerce,1-10
OPP-0275,LD-1000,Closed Won,35000.0,0,2026-01-07,2026-05-30,0,11,REP-03,100,SaaS,51-200
OPP-0276,LD-1006,Closed Won,30900.0,0,2024-10-18,2025-02-08,0,9,REP-05,100,Manufacturing,11-50
OPP-0277,LD-1009,Closed Won,40800.0,0,2026-02-15,2026-04-29,0,10,REP-08,100,SaaS,51-200
OPP-0278,LD-1012,Evaluation,40100.0,0,2025-12-12,,0,26,REP-03,36,Professional Services,51-200
OPP-0279,LD-1017,Proposal,33300.0,0,2025-02-28,,0,6,REP-01,52,Professional Services,11-50
OPP-0280,LD-1019,Evaluation,54500.0,0,2025-07-20,,0,29,REP-02,29,FinTech,51-200
OPP-0281,LD-1020,Evaluation,19100.0,0,2026-01-20,,0,16,REP-04,31,SaaS,11-50
OPP-0282,LD-1025,Discovery,78300.0,0,2024-11-20,,0,15,REP-01,11,FinTech,51-200
OPP-0283,LD-1027,Discovery,37600.0,0,2024-08-21,,0,8,REP-01,22,SaaS,11-50
OPP-0284,LD-1028,Evaluation,18500.0,0,2025-03-29,,0,18,REP-06,38,Manufacturing,11-50
OPP-0285,LD-1044,Negotiation,53800.0,0,2025-12-15,,0,33,REP-07,84,HealthTech,11-50
OPP-0286,LD-1052,Proposal,27800.0,0,2025-04-20,,0,29,REP-02,45,SaaS,11-50
OPP-0287,LD-1054,Evaluation,29200.0,0,2026-05-27,,0,32,REP-05,38,Manufacturing,1-10
OPP-0288,LD-1055,Closed Lost,171800.0,0,2026-04-03,2026-05-31,0,22,REP-05,0,E-Commerce,201-1000
OPP-0289,LD-1057,Negotiation,65900.0,1,2024-08-27,,0,27,REP-06,76,E-Commerce,51-200
OPP-0290,LD-1060,Closed Lost,13000.0,0,2025-07-04,2025-08-18,0,16,REP-08,0,SaaS,1-10
OPP-0291,LD-1064,Closed Won,26400.0,0,2024-08-11,2024-09-12,0,14,REP-08,100,Professional Services,1-10
OPP-0292,LD-1066,Discovery,31300.0,0,2025-02-16,,0,6,REP-03,19,HealthTech,11-50
OPP-0293,LD-1068,Closed Lost,22400.0,0,2025-11-09,2026-03-14,0,29,REP-08,0,SaaS,11-50
OPP-0294,LD-1069,Closed Lost,39800.0,0,2024-12-05,2025-02-26,0,20,REP-01,0,E-Commerce,11-50
OPP-0295,LD-1073,Closed Won,37000.0,0,2024-10-13,2024-10-21,1,9,REP-08,100,Manufacturing,11-50
OPP-0296,LD-1074,Negotiation,53300.0,0,2025-10-28,,0,29,REP-02,85,E-Commerce,11-50
OPP-0297,LD-1075,Proposal,206700.0,0,2024-11-29,,0,26,REP-01,53,Manufacturing,1000+
OPP-0298,LD-1077,Negotiation,54400.0,0,2024-08-20,,0,33,REP-01,67,FinTech,11-50
OPP-0299,LD-1078,Closed Won,24200.0,0,2025-07-05,2025-09-26,0,2,REP-01,100,E-Commerce,1-10
OPP-0300,LD-1088,Negotiation,43900.0,0,2026-01-10,,0,37,REP-04,65,HealthTech,11-50
OPP-0301,LD-1091,Discovery,37500.0,0,2026-01-22,,0,16,REP-06,17,Professional Services,11-50
OPP-0302,LD-1096,Discovery,109000.0,0,2025-03-20,,0,20,REP-06,12,SaaS,51-200
OPP-0303,LD-1104,Discovery,106700.0,0,2024-12-01,,0,20,REP-01,12,Manufacturing,51-200
OPP-0304,LD-1105,Evaluation,161900.0,0,2024-11-23,,0,34,REP-03,28,E-Commerce,201-1000
OPP-0305,LD-1106,Proposal,49900.0,0,2026-04-15,,0,6,REP-02,50,E-Commerce,11-50
OPP-0306,LD-1109,Closed Lost,41000.0,0,2024-10-18,2024-11-22,0,19,REP-02,0,SaaS,11-50
OPP-0307,LD-1119,Evaluation,13700.0,0,2024-09-19,,0,34,REP-06,27,SaaS,1-10
OPP-0308,LD-1121,Evaluation,100000.0,0,2025-05-17,,0,35,REP-06,35,SaaS,51-200
OPP-0309,LD-1128,Evaluation,8200.0,0,2024-11-13,,0,22,REP-02,38,SaaS,1-10
OPP-0310,LD-1130,Negotiation,126400.0,0,2025-09-17,,0,42,REP-03,71,Professional Services,1000+
OPP-0311,LD-1132,Closed Won,16900.0,0,2025-04-30,2025-07-12,0,13,REP-08,100,Professional Services,1-10
OPP-0312,LD-1134,Negotiation,41400.0,0,2024-10-28,,0,5,REP-05,67,SaaS,11-50
OPP-0313,LD-1136,Closed Lost,40200.0,0,2026-02-23,2026-05-31,0,27,REP-02,0,Manufacturing,11-50
OPP-0314,LD-1138,Closed Lost,11900.0,0,2025-02-09,2025-03-19,0,20,REP-08,0,SaaS,1-10
OPP-0315,LD-1144,Closed Lost,72600.0,0,2025-06-20,2025-08-25,0,18,REP-02,0,SaaS,201-1000
OPP-0316,LD-1146,Closed Won,86700.0,0,2025-04-11,2025-06-13,0,3,REP-03,100,E-Commerce,201-1000
OPP-0317,LD-1163,Proposal,15700.0,0,2026-03-10,,0,28,REP-06,57,SaaS,1-10
OPP-0318,LD-1167,Negotiation,15600.0,0,2025-12-16,,0,17,REP-05,66,SaaS,11-50
OPP-0319,LD-1172,Proposal,85400.0,0,2025-11-02,,0,15,REP-01,60,E-Commerce,51-200
OPP-0320,LD-1179,Closed Won,26100.0,0,2026-05-12,2026-05-31,0,5,REP-07,100,SaaS,11-50
OPP-0321,LD-1185,Discovery,15700.0,0,2025-05-28,,0,21,REP-02,16,SaaS,1-10
OPP-0322,LD-1187,Evaluation,15400.0,0,2026-05-23,,0,21,REP-06,33,E-Commerce,1-10
OPP-0323,LD-1188,Discovery,70900.0,0,2025-04-19,,0,5,REP-03,13,Manufacturing,51-200
OPP-0324,LD-1189,Closed Won,163200.0,0,2025-03-17,2025-08-12,0,1,REP-07,100,SaaS,201-1000
OPP-0325,LD-1190,Closed Won,42000.0,0,2026-01-09,2026-02-20,0,14,REP-08,100,FinTech,51-200
OPP-0326,LD-1207,Discovery,15500.0,0,2025-03-23,,0,7,REP-07,14,SaaS,1-10
OPP-0327,LD-1210,Negotiation,23200.0,0,2025-04-29,,0,36,REP-08,68,SaaS,1-10
OPP-0328,LD-1216,Proposal,17000.0,0,2026-05-07,,0,5,REP-05,56,Manufacturing,11-50
OPP-0329,LD-1219,Closed Won,52300.0,0,2026-06-06,2026-05-31,0,13,REP-01,100,FinTech,11-50
OPP-0330,LD-1224,Discovery,29200.0,0,2024-10-21,,0,15,REP-05,12,E-Commerce,1-10
OPP-0331,LD-1226,Discovery,42300.0,0,2026-03-30,,0,7,REP-04,20,Manufacturing,11-50
OPP-0332,LD-1228,Closed Won,29000.0,0,2024-09-15,2024-10-24,0,13,REP-06,100,SaaS,1-10
OPP-0333,LD-1229,Negotiation,17100.0,0,2025-07-04,,0,17,REP-02,70,E-Commerce,1-10
OPP-0334,LD-1232,Closed Lost,109800.0,0,2025-03-23,2025-07-27,0,30,REP-06,0,SaaS,201-1000
OPP-0335,LD-1233,Negotiation,19800.0,0,2024-12-06,,0,29,REP-04,76,HealthTech,11-50
OPP-0336,LD-1238,Closed Lost,8800.0,0,2026-05-16,2026-05-31,0,14,REP-06,0,FinTech,1-10
OPP-0337,LD-1239,Evaluation,26000.0,0,2024-06-12,,0,8,REP-04,36,FinTech,11-50
OPP-0338,LD-1246,Proposal,68300.0,0,2026-03-29,,0,11,REP-04,58,HealthTech,51-200
OPP-0339,LD-1249,Closed Lost,19200.0,0,2026-05-25,2026-05-31,0,2,REP-02,0,Professional Services,1-10
OPP-0340,LD-1250,Discovery,86100.0,0,2025-06-22,,0,19,REP-07,22,HealthTech,201-1000
OPP-0341,LD-1253,Closed Won,42600.0,0,2025-11-04,2026-04-03,0,2,REP-01,100,SaaS,11-50
OPP-0342,LD-1254,Discovery,81700.0,0,2024-11-27,,0,5,REP-02,18,HealthTech,201-1000
OPP-0343,LD-1255,Negotiation,56100.0,0,2025-11-18,,0,10,REP-04,82,SaaS,51-200
OPP-0344,LD-1263,Discovery,12300.0,0,2026-05-05,,0,21,REP-02,14,SaaS,1-10
OPP-0345,LD-1266,Negotiation,23300.0,0,2026-05-31,,0,44,REP-08,80,SaaS,1-10
OPP-0346,LD-1272,Closed Won,122000.0,0,2024-08-14,2024-11-07,0,11,REP-03,100,E-Commerce,201-1000
OPP-0347,LD-1274,Discovery,148300.0,0,2026-06-03,,0,4,REP-02,15,E-Commerce,201-1000
OPP-0348,LD-1275,Discovery,17600.0,0,2024-08-18,,0,12,REP-03,20,E-Commerce,11-50
OPP-0349,LD-1293,Proposal,111000.0,0,2026-04-20,,0,29,REP-02,55,HealthTech,201-1000
OPP-0350,LD-1299,Evaluation,58500.0,0,2024-06-19,,0,9,REP-06,44,HealthTech,11-50
OPP-0351,LD-1301,Proposal,34300.0,0,2025-06-19,,0,25,REP-04,50,Professional Services,51-200
OPP-0352,LD-1310,Closed Lost,33800.0,0,2025-02-21,2025-07-16,0,1,REP-02,0,SaaS,11-50
OPP-0353,LD-1319,Discovery,16800.0,0,2024-09-30,,0,18,REP-07,18,SaaS,11-50
OPP-0354,LD-1321,Proposal,11200.0,0,2025-09-14,,0,19,REP-06,48,SaaS,1-10
OPP-0355,LD-1324,Proposal,18200.0,0,2025-11-17,,0,28,REP-04,58,Manufacturing,1-10
OPP-0356,LD-1330,Evaluation,22100.0,0,2024-11-11,,0,19,REP-05,25,SaaS,11-50
OPP-0357,LD-1331,Evaluation,71500.0,0,2026-05-01,,0,29,REP-06,33,Professional Services,51-200
OPP-0358,LD-1334,Closed Won,28300.0,0,2025-01-21,2025-01-29,1,12,REP-02,100,SaaS,1-10
OPP-0359,LD-1335,Closed Won,24000.0,0,2026-03-27,2026-05-31,0,5,REP-07,100,FinTech,11-50
OPP-0360,LD-1336,Closed Won,38600.0,0,2024-06-29,2024-09-04,0,9,REP-03,100,FinTech,51-200
OPP-0361,LD-1343,Proposal,159000.0,0,2025-10-29,,0,16,REP-01,45,SaaS,201-1000
OPP-0362,LD-1345,Closed Won,35700.0,0,2026-03-17,2026-05-03,0,7,REP-05,100,HealthTech,11-50
OPP-0363,LD-1348,Closed Lost,100600.0,0,2025-12-24,2026-01-26,0,24,REP-08,0,E-Commerce,51-200
OPP-0364,LD-1349,Closed Lost,54500.0,0,2025-05-07,2025-08-06,0,7,REP-06,0,Manufacturing,51-200
OPP-0365,LD-1351,Closed Lost,135300.0,0,2024-10-30,2025-03-20,0,4,REP-03,0,SaaS,201-1000
OPP-0366,LD-1354,Evaluation,103900.0,0,2025-06-01,,0,20,REP-04,31,FinTech,51-200
OPP-0367,LD-1355,Closed Lost,80600.0,0,2024-06-06,2024-10-09,0,25,REP-05,0,HealthTech,201-1000
OPP-0368,LD-1358,Closed Won,51000.0,0,2024-08-16,2024-11-04,0,3,REP-02,100,HealthTech,11-50
OPP-0369,LD-1359,Closed Won,43400.0,0,2025-06-05,2025-07-14,0,5,REP-07,100,E-Commerce,11-50
OPP-0370,LD-1363,Closed Won,25900.0,0,2025-05-25,2025-08-12,0,10,REP-03,100,E-Commerce,1-10
OPP-0371,LD-1365,Closed Lost,80500.0,0,2025-06-27,2025-12-02,0,15,REP-02,0,FinTech,201-1000
OPP-0372,LD-1367,Proposal,34500.0,0,2026-03-20,,0,20,REP-01,55,E-Commerce,11-50
OPP-0373,LD-1368,Closed Won,75500.0,0,2026-03-06,2026-05-31,0,8,REP-06,100,E-Commerce,201-1000
OPP-0374,LD-1369,Closed Won,175200.0,0,2026-05-24,2026-05-31,0,12,REP-01,100,SaaS,201-1000
OPP-0375,LD-1370,Closed Won,17800.0,0,2025-10-29,2025-11-06,1,13,REP-07,100,HealthTech,11-50
OPP-0376,LD-1373,Closed Won,9400.0,0,2024-11-08,2025-02-23,0,7,REP-08,100,Manufacturing,1-10
OPP-0377,LD-1388,Evaluation,27800.0,0,2024-11-23,,0,19,REP-01,31,Professional Services,1-10
OPP-0378,LD-1391,Proposal,54100.0,0,2025-09-21,,0,12,REP-01,53,SaaS,51-200
OPP-0379,LD-1395,Proposal,41900.0,0,2024-06-23,,0,16,REP-08,48,Manufacturing,11-50
OPP-0380,LD-1396,Closed Won,27900.0,0,2025-08-31,2025-10-21,0,12,REP-01,100,Professional Services,11-50
OPP-0381,LD-1399,Closed Won,81900.0,0,2024-08-31,2024-10-21,0,8,REP-04,100,E-Commerce,51-200
OPP-0382,LD-1400,Closed Lost,12200.0,0,2026-02-20,2026-05-31,0,21,REP-07,0,E-Commerce,1-10
OPP-0383,LD-1401,Closed Won,66700.0,0,2024-06-06,2024-10-25,0,6,REP-02,100,SaaS,51-200
OPP-0384,LD-1402,Negotiation,19700.0,0,2025-12-31,,0,33,REP-06,80,Manufacturing,1-10
OPP-0385,LD-1405,Discovery,56700.0,0,2025-01-18,,0,16,REP-04,22,Professional Services,51-200
OPP-0386,LD-1406,Closed Won,50100.0,0,2024-10-05,2025-01-07,0,8,REP-04,100,Manufacturing,51-200
OPP-0387,LD-1409,Closed Lost,21300.0,0,2025-11-20,2026-04-03,0,29,REP-08,0,HealthTech,11-50
OPP-0388,LD-1410,Closed Won,144700.0,0,2024-10-25,2025-03-30,0,13,REP-06,100,SaaS,201-1000
OPP-0389,LD-1418,Closed Lost,116900.0,0,2025-10-12,2025-11-04,0,5,REP-03,0,Manufacturing,1000+
OPP-0390,LD-1425,Closed Lost,136700.0,0,2025-05-12,2025-07-14,0,7,REP-08,0,SaaS,1000+
OPP-0391,LD-1426,Proposal,57000.0,0,2025-06-23,,0,29,REP-05,54,HealthTech,51-200
OPP-0392,LD-1429,Closed Won,114500.0,0,2025-02-21,2025-05-31,0,6,REP-01,100,Professional Services,201-1000
OPP-0393,LD-1430,Negotiation,86200.0,0,2025-09-07,,0,17,REP-04,66,Manufacturing,51-200
OPP-0394,LD-1433,Proposal,64200.0,0,2024-09-11,,0,25,REP-02,46,Professional Services,51-200
OPP-0395,LD-1435,Evaluation,99700.0,0,2025-09-16,,0,24,REP-06,39,SaaS,51-200
OPP-0396,LD-1438,Evaluation,23000.0,0,2024-06-26,,0,10,REP-07,44,FinTech,1-10
OPP-0397,LD-1443,Evaluation,160600.0,0,2025-04-11,,0,9,REP-01,43,SaaS,201-1000
OPP-0398,LD-1445,Closed Won,204600.0,0,2025-11-22,2025-11-30,1,12,REP-07,100,Professional Services,1000+
OPP-0399,LD-1453,Discovery,41900.0,0,2024-07-03,,0,17,REP-08,16,SaaS,51-200
OPP-0400,LD-1454,Proposal,29500.0,0,2025-11-19,,0,14,REP-08,55,SaaS,1-10
OPP-0401,LD-1459,Negotiation,25300.0,0,2024-09-23,,0,40,REP-06,68,SaaS,1-10
OPP-0402,LD-1468,Proposal,20600.0,0,2026-06-02,,0,8,REP-03,46,FinTech,1-10
OPP-0403,LD-1471,Closed Lost,43200.0,0,2025-06-12,2025-10-02,0,27,REP-02,0,FinTech,51-200
OPP-0404,LD-1478,Proposal,22800.0,0,2025-11-26,,0,7,REP-08,61,Professional Services,11-50
OPP-0405,LD-1480,Discovery,188300.0,0,2025-03-29,,0,15,REP-04,16,HealthTech,1000+
OPP-0406,LD-1484,Closed Lost,33700.0,0,2026-01-26,2026-05-31,0,26,REP-03,0,HealthTech,11-50
OPP-0407,LD-1485,Closed Lost,141100.0,0,2025-08-10,2025-09-26,0,19,REP-06,0,E-Commerce,201-1000
OPP-0408,LD-1487,Closed Won,104700.0,0,2025-06-17,2025-11-19,0,11,REP-06,100,E-Commerce,201-1000
OPP-0409,LD-1494,Closed Won,38100.0,0,2025-06-23,2025-11-23,0,5,REP-07,100,E-Commerce,11-50
OPP-0410,LD-1501,Discovery,12100.0,0,2024-07-09,,0,8,REP-08,17,FinTech,1-10
OPP-0411,LD-1502,Closed Won,22000.0,0,2025-02-06,2025-06-27,0,4,REP-08,100,HealthTech,11-50
OPP-0412,LD-1503,Evaluation,9700.0,0,2024-11-29,,0,10,REP-02,32,SaaS,1-10
OPP-0413,LD-1506,Negotiation,51900.0,0,2025-11-05,,0,16,REP-02,71,HealthTech,11-50
OPP-0414,LD-1509,Discovery,126600.0,0,2026-02-24,,0,7,REP-02,25,E-Commerce,201-1000
OPP-0415,LD-1511,Closed Won,28800.0,0,2025-06-27,2025-07-05,1,11,REP-06,100,Professional Services,1-10
OPP-0416,LD-1514,Evaluation,48700.0,0,2026-02-17,,0,13,REP-05,42,Professional Services,11-50
OPP-0417,LD-1522,Evaluation,49600.0,0,2024-11-02,,0,11,REP-07,39,Manufacturing,11-50
OPP-0418,LD-1529,Discovery,171400.0,0,2024-07-15,,0,16,REP-07,16,Manufacturing,1000+
OPP-0419,LD-1532,Closed Won,157900.0,0,2025-01-13,2025-03-11,0,8,REP-07,100,SaaS,201-1000
OPP-0420,LD-1539,Evaluation,57400.0,0,2024-09-28,,0,13,REP-01,40,SaaS,11-50
OPP-0421,LD-1545,Negotiation,87700.0,0,2024-10-18,,0,33,REP-06,72,FinTech,51-200
OPP-0422,LD-1547,Evaluation,106900.0,0,2026-03-22,,0,13,REP-07,35,HealthTech,1000+
OPP-0423,LD-1548,Closed Won,82100.0,0,2025-08-23,2026-01-20,0,11,REP-08,100,Professional Services,51-200
OPP-0424,LD-1553,Evaluation,20400.0,0,2025-12-30,,0,7,REP-03,28,FinTech,11-50
OPP-0425,LD-1558,Closed Lost,18500.0,0,2025-12-20,2026-04-30,0,18,REP-07,0,Professional Services,11-50
OPP-0426,LD-1560,Evaluation,23200.0,0,2025-06-07,,0,24,REP-04,39,HealthTech,1-10
OPP-0427,LD-1561,Discovery,160200.0,0,2026-02-28,,0,10,REP-02,10,E-Commerce,201-1000
OPP-0428,LD-1564,Evaluation,11500.0,0,2025-09-01,,0,26,REP-03,40,SaaS,1-10
OPP-0429,LD-1565,Discovery,101900.0,0,2025-08-26,,0,10,REP-03,19,Professional Services,1000+
OPP-0430,LD-1568,Proposal,27500.0,0,2024-12-04,,0,21,REP-08,46,HealthTech,1-10
OPP-0431,LD-1570,Evaluation,75900.0,0,2026-06-12,,0,13,REP-02,35,FinTech,201-1000
OPP-0432,LD-1572,Closed Lost,8800.0,0,2026-02-26,2026-05-31,0,18,REP-02,0,SaaS,1-10
OPP-0433,LD-1574,Negotiation,146500.0,0,2025-12-05,,0,36,REP-05,69,HealthTech,201-1000
OPP-0434,LD-1578,Evaluation,97800.0,0,2024-07-04,,0,35,REP-05,34,SaaS,51-200
OPP-0435,LD-1581,Proposal,71200.0,0,2024-06-09,,0,14,REP-05,45,Manufacturing,51-200
OPP-0436,LD-1584,Evaluation,73200.0,0,2026-01-31,,0,20,REP-02,40,E-Commerce,51-200
OPP-0437,LD-1585,Discovery,56900.0,0,2026-05-08,,0,12,REP-04,18,Professional Services,51-200
OPP-0438,LD-1589,Evaluation,25700.0,0,2024-09-22,,0,31,REP-08,32,Manufacturing,11-50
OPP-0439,LD-1591,Discovery,49000.0,0,2025-03-23,,0,21,REP-01,24,Manufacturing,11-50
OPP-0440,LD-1594,Evaluation,26700.0,0,2024-10-23,,0,25,REP-07,38,SaaS,1-10
OPP-0441,LD-1599,Closed Lost,55700.0,0,2025-03-28,2025-05-14,0,25,REP-02,0,Professional Services,51-200
OPP-0442,LD-1603,Closed Won,92900.0,0,2026-01-08,2026-04-24,0,2,REP-02,100,HealthTech,201-1000
OPP-0443,LD-1612,Closed Lost,51400.0,0,2025-08-10,2025-11-30,0,23,REP-08,0,FinTech,51-200
OPP-0444,LD-1613,Evaluation,17300.0,0,2024-06-29,,0,30,REP-03,37,E-Commerce,11-50
OPP-0445,LD-1619,Closed Lost,52500.0,0,2025-09-25,2025-10-16,0,22,REP-05,0,FinTech,51-200
OPP-0446,LD-1620,Proposal,8600.0,0,2026-04-18,,0,20,REP-04,48,Professional Services,1-10
OPP-0447,LD-1622,Discovery,50500.0,0,2025-04-07,,0,20,REP-05,18,SaaS,11-50
OPP-0448,LD-1624,Closed Won,50500.0,0,2025-08-05,2025-09-18,0,10,REP-04,100,Manufacturing,51-200
OPP-0449,LD-1625,Discovery,23200.0,0,2025-11-29,,0,19,REP-04,21,E-Commerce,1-10
OPP-0450,LD-1626,Proposal,73500.0,0,2025-01-07,,0,9,REP-07,64,HealthTech,51-200
OPP-0451,LD-1630,Closed Won,52700.0,0,2024-09-06,2024-12-14,0,10,REP-05,100,SaaS,11-50
OPP-0452,LD-1631,Closed Won,58200.0,0,2025-09-21,2025-11-24,0,7,REP-05,100,SaaS,11-50
OPP-0453,LD-1635,Negotiation,16100.0,0,2024-07-07,,0,40,REP-07,77,E-Commerce,1-10
OPP-0454,LD-1638,Proposal,37100.0,0,2025-01-08,,0,27,REP-04,48,SaaS,51-200
OPP-0455,LD-1639,Discovery,24500.0,0,2025-11-21,,0,19,REP-07,20,Manufacturing,1-10
OPP-0456,LD-1641,Closed Lost,16000.0,0,2026-06-02,2026-05-31,0,7,REP-06,0,SaaS,11-50
OPP-0457,LD-1652,Discovery,25000.0,0,2025-10-12,,0,12,REP-08,11,SaaS,11-50
OPP-0458,LD-1654,Evaluation,17400.0,0,2025-10-20,,0,7,REP-04,31,SaaS,11-50
OPP-0459,LD-1656,Evaluation,27800.0,0,2025-07-08,,0,35,REP-05,44,SaaS,1-10
OPP-0460,LD-1662,Closed Lost,8100.0,0,2026-01-05,2026-05-13,0,8,REP-02,0,Professional Services,1-10
OPP-0461,LD-1664,Closed Won,18800.0,0,2024-07-12,2024-10-08,0,9,REP-01,100,E-Commerce,1-10
OPP-0462,LD-1666,Proposal,63900.0,0,2025-02-13,,0,17,REP-01,61,FinTech,51-200
OPP-0463,LD-1677,Closed Lost,22400.0,0,2026-03-12,2026-04-02,0,28,REP-06,0,FinTech,1-10
OPP-0464,LD-1678,Discovery,53200.0,0,2024-09-11,,0,18,REP-03,24,HealthTech,51-200
OPP-0465,LD-1693,Closed Lost,99900.0,0,2025-10-14,2026-02-18,0,24,REP-03,0,SaaS,51-200
OPP-0466,LD-1707,Discovery,148100.0,0,2024-12-02,,0,15,REP-05,15,FinTech,201-1000
OPP-0467,LD-1709,Proposal,20600.0,1,2025-07-09,,0,8,REP-04,59,FinTech,1-10
OPP-0468,LD-1710,Discovery,58600.0,0,2026-04-06,,0,20,REP-02,21,E-Commerce,51-200
OPP-0469,LD-1711,Closed Lost,95300.0,0,2024-11-21,2025-02-08,0,2,REP-05,0,Manufacturing,51-200
OPP-0470,LD-1714,Closed Lost,90600.0,0,2025-10-01,2026-02-04,0,14,REP-05,0,Manufacturing,51-200
OPP-0471,LD-1721,Negotiation,61900.0,0,2025-06-30,,0,20,REP-02,70,E-Commerce,51-200
OPP-0472,LD-1725,Evaluation,101000.0,0,2026-02-22,,0,18,REP-03,44,Manufacturing,201-1000
OPP-0473,LD-1726,Evaluation,64700.0,0,2025-01-19,,0,35,REP-02,45,Manufacturing,201-1000
OPP-0474,LD-1729,Proposal,69800.0,0,2025-04-08,,0,11,REP-06,47,E-Commerce,201-1000
OPP-0475,LD-1736,Evaluation,98600.0,0,2024-07-10,,0,23,REP-02,41,Professional Services,1000+
OPP-0476,LD-1739,Discovery,62900.0,0,2026-01-04,,0,7,REP-01,17,Manufacturing,201-1000
OPP-0477,LD-1740,Closed Won,21900.0,0,2026-05-31,2026-05-31,0,13,REP-03,100,HealthTech,11-50
OPP-0478,LD-1744,Closed Won,162900.0,0,2024-10-15,2025-02-20,0,11,REP-04,100,HealthTech,201-1000
OPP-0479,LD-1745,Closed Lost,93900.0,0,2025-09-14,2025-12-30,0,13,REP-07,0,SaaS,51-200
OPP-0480,LD-1746,Proposal,26600.0,0,2026-01-21,,0,7,REP-01,59,E-Commerce,1-10
OPP-0481,LD-1747,Proposal,21700.0,0,2025-06-04,,0,8,REP-08,56,SaaS,1-10
OPP-0482,LD-1749,Negotiation,189900.0,0,2025-09-01,,0,14,REP-03,69,FinTech,1000+
OPP-0483,LD-1755,Evaluation,22800.0,1,2025-12-21,,0,18,REP-03,27,HealthTech,1-10
OPP-0484,LD-1757,Closed Won,23400.0,0,2024-11-18,2025-02-28,0,13,REP-01,100,SaaS,1-10
OPP-0485,LD-1763,Closed Won,52400.0,0,2024-11-27,2024-12-31,0,2,REP-03,100,SaaS,51-200
OPP-0486,LD-1768,Discovery,71500.0,0,2026-02-23,,0,13,REP-04,18,FinTech,51-200
OPP-0487,LD-1769,Evaluation,58000.0,0,2025-03-01,,0,17,REP-06,42,E-Commerce,11-50
OPP-0488,LD-1772,Closed Lost,164500.0,0,2024-11-27,2025-01-21,0,2,REP-07,0,Professional Services,201-1000
OPP-0489,LD-1773,Negotiation,25500.0,0,2024-08-11,,0,30,REP-05,82,E-Commerce,11-50
OPP-0490,LD-1775,Negotiation,48100.0,0,2025-12-14,,0,33,REP-01,70,Manufacturing,11-50
OPP-0491,LD-1778,Closed Won,38300.0,0,2025-03-18,2025-03-26,1,14,REP-04,100,SaaS,51-200
OPP-0492,LD-1779,Negotiation,32100.0,0,2025-12-20,,0,25,REP-06,83,Manufacturing,51-200
OPP-0493,LD-1780,Discovery,8600.0,0,2024-08-08,,0,9,REP-06,15,Professional Services,1-10
OPP-0494,LD-1783,Closed Won,22700.0,0,2024-06-18,2024-08-13,0,12,REP-05,100,Professional Services,11-50
OPP-0495,LD-1786,Closed Lost,85600.0,0,2026-03-03,2026-05-31,0,8,REP-05,0,Professional Services,51-200
OPP-0496,LD-1796,Discovery,59100.0,0,2025-12-24,,0,15,REP-05,18,E-Commerce,51-200
OPP-0497,LD-1802,Discovery,31300.0,0,2024-10-21,,0,20,REP-08,15,SaaS,51-200
OPP-0498,LD-1803,Closed Won,109000.0,0,2025-07-10,2025-10-01,0,1,REP-05,100,FinTech,51-200
OPP-0499,LD-1804,Closed Won,72700.0,0,2025-01-17,2025-03-19,0,13,REP-05,100,SaaS,51-200
OPP-0500,LD-1807,Proposal,61500.0,0,2025-03-11,,0,10,REP-03,55,E-Commerce,51-200
OPP-0501,LD-1810,Negotiation,71500.0,0,2024-12-04,,0,24,REP-04,76,Manufacturing,51-200
OPP-0502,LD-1813,Closed Won,71600.0,0,2025-11-30,2026-02-26,0,4,REP-06,100,HealthTech,51-200
OPP-0503,LD-1821,Negotiation,67600.0,0,2025-01-05,,0,10,REP-07,79,Manufacturing,51-200
OPP-0504,LD-1831,Discovery,79000.0,0,2024-09-23,,0,16,REP-07,17,HealthTech,51-200
OPP-0505,LD-1833,Discovery,54900.0,0,2026-01-26,,0,12,REP-06,18,FinTech,11-50
OPP-0506,LD-1834,Proposal,54100.0,0,2025-04-26,,0,18,REP-07,58,HealthTech,51-200
OPP-0507,LD-1841,Closed Lost,36900.0,0,2024-12-13,2025-05-09,0,15,REP-01,0,E-Commerce,11-50
OPP-0508,LD-1844,Negotiation,30300.0,0,2025-10-17,,0,35,REP-03,73,E-Commerce,51-200
OPP-0509,LD-1847,Proposal,227600.0,0,2025-06-05,,0,30,REP-02,56,E-Commerce,1000+
OPP-0510,LD-1852,Closed Lost,96700.0,0,2024-10-22,2025-02-17,0,16,REP-06,0,SaaS,201-1000
OPP-0511,LD-1857,Proposal,51700.0,0,2024-12-30,,0,9,REP-07,46,Manufacturing,51-200
OPP-0512,LD-1858,Negotiation,59900.0,0,2026-03-17,,0,18,REP-02,83,FinTech,11-50
OPP-0513,LD-1868,Discovery,76800.0,0,2025-06-05,,0,12,REP-02,12,SaaS,51-200
OPP-0514,LD-1872,Closed Won,20500.0,0,2024-09-22,2024-10-28,0,2,REP-04,100,SaaS,11-50
OPP-0515,LD-1873,Closed Won,13800.0,0,2026-06-06,2026-05-31,0,4,REP-08,100,SaaS,1-10
OPP-0516,LD-1877,Closed Won,58300.0,0,2026-05-08,2026-05-31,0,3,REP-01,100,SaaS,51-200
OPP-0517,LD-1883,Evaluation,141100.0,1,2024-12-16,,0,35,REP-08,43,E-Commerce,201-1000
OPP-0518,LD-1887,Proposal,34400.0,0,2025-06-26,,0,15,REP-02,60,Professional Services,11-50
OPP-0519,LD-1888,Discovery,13100.0,0,2025-05-03,,0,19,REP-03,25,Manufacturing,1-10
OPP-0520,LD-1896,Closed Lost,75600.0,0,2026-02-06,2026-03-06,0,17,REP-06,0,E-Commerce,51-200
OPP-0521,LD-1897,Discovery,16900.0,0,2025-05-25,,0,12,REP-06,10,FinTech,1-10
OPP-0522,LD-1898,Closed Won,66600.0,0,2025-05-24,2025-07-04,0,14,REP-07,100,FinTech,201-1000
OPP-0523,LD-1899,Closed Won,98900.0,0,2024-12-31,2025-01-08,1,10,REP-01,100,SaaS,51-200
OPP-0524,LD-1903,Discovery,8300.0,0,2026-05-27,,0,7,REP-01,13,E-Commerce,1-10
OPP-0525,LD-1905,Proposal,55400.0,0,2025-11-08,,0,12,REP-04,46,FinTech,11-50
OPP-0526,LD-1906,Discovery,155000.0,0,2025-03-10,,0,15,REP-05,16,E-Commerce,201-1000
OPP-0527,LD-1908,Negotiation,36100.0,0,2026-01-01,,0,5,REP-03,83,Professional Services,51-200
OPP-0528,LD-1912,Closed Lost,23900.0,0,2026-05-17,2026-05-31,0,5,REP-06,0,HealthTech,1-10
OPP-0529,LD-1923,Proposal,91700.0,0,2026-04-28,,0,6,REP-03,61,FinTech,51-200
OPP-0530,LD-1927,Closed Lost,132300.0,0,2025-01-12,2025-04-28,0,22,REP-08,0,HealthTech,201-1000
OPP-0531,LD-1929,Discovery,129300.0,0,2026-01-23,,0,11,REP-02,21,SaaS,201-1000
OPP-0532,LD-1932,Proposal,17200.0,0,2024-10-01,,0,5,REP-06,62,E-Commerce,11-50
OPP-0533,LD-1939,Closed Lost,70100.0,1,2025-03-23,2025-05-19,0,23,REP-05,0,HealthTech,51-200
OPP-0534,LD-1940,Closed Lost,147300.0,0,2025-04-06,2025-08-07,0,20,REP-01,0,SaaS,201-1000
OPP-0535,LD-1943,Evaluation,10300.0,0,2024-12-23,,0,27,REP-05,25,SaaS,1-10
OPP-0536,LD-1947,Closed Won,13300.0,0,2026-06-19,2026-05-31,0,3,REP-02,100,SaaS,1-10
OPP-0537,LD-1949,Closed Lost,37400.0,0,2025-05-06,2025-09-06,0,27,REP-05,0,Professional Services,11-50
OPP-0538,LD-1953,Closed Won,22400.0,0,2025-11-19,2026-03-21,0,3,REP-06,100,Professional Services,11-50
OPP-0539,LD-1955,Closed Won,50500.0,0,2026-05-15,2026-05-23,1,8,REP-01,100,SaaS,11-50
OPP-0540,LD-1957,Discovery,94600.0,0,2025-05-19,,0,13,REP-02,22,Professional Services,51-200
OPP-0541,LD-1968,Discovery,52900.0,0,2024-10-07,,0,7,REP-03,14,SaaS,11-50
OPP-0542,LD-1971,Closed Won,17200.0,0,2026-03-28,2026-05-31,0,6,REP-08,100,Professional Services,11-50
OPP-0543,LD-1975,Negotiation,158500.0,0,2025-04-28,,0,7,REP-02,79,SaaS,1000+
OPP-0544,LD-1977,Evaluation,97800.0,0,2025-01-21,,0,20,REP-08,41,SaaS,51-200
OPP-0545,LD-1984,Evaluation,31300.0,0,2025-12-02,,0,26,REP-05,39,SaaS,11-50
OPP-0546,LD-1985,Proposal,85700.0,0,2025-08-20,,0,13,REP-08,53,FinTech,51-200
OPP-0547,LD-1987,Negotiation,21000.0,0,2025-07-16,,0,27,REP-07,77,SaaS,1-10
OPP-0548,LD-1988,Proposal,30600.0,0,2024-10-29,,0,29,REP-03,54,HealthTech,11-50
